{
  "text": " In a saucepan, combine ripe strawberries, granulated sugar, freshly squeezed lemon juice and cornstarch. Cook the mixture over medium heat, stirring constantly until it thickens to a smooth consistency. Remove from heat and stir in a dash of pure vanilla extract. Allow the strawberry pie filling to cool before using it as a delicious and fruity filling for your pie crust.",
  "segments": [
    {
      "id": 0,
      "seek": 0,
      "start": 0.0,
      "end": 6.74,
      "text": " In a saucepan, combine ripe strawberries, granulated sugar, freshly squeezed lemon juice and cornstarch.",
      "tokens": [
        50365,
        682,
        257,
        4880,
        6040,
        11,
        10432,
        31421,
        26873,
        11,
        9370,
        6987,
        5076,
        11,
        34412,
        39470,
        11356,
        8544,
        293,
        9046,
        372,
        1178,
        13,
        50702
      ],
      "temperature": 0.0,
      "avg_logprob": -0.09995558148338682,
      "compression_ratio": 1.5648535564853556,
      "no_speech_prob": 8.702246822450688e-13
    },
    {
      "id": 1,
      "seek": 0,
      "start": 7.32,
      "end": 12.4,
      "text": " Cook the mixture over medium heat, stirring constantly until it thickens to a smooth consistency.",
      "tokens": [
        50731,
        12259,
        264,
        9925,
        670,
        6399,
        3738,
        11,
        28650,
        6460,
        1826,
        309,
        5060,
        694,
        281,
        257,
        5508,
        14416,
        13,
        50985
      ],
      "temperature": 0.0,
      "avg_logprob": -0.09995558148338682,
      "compression_ratio": 1.5648535564853556,
      "no_speech_prob": 8.702246822450688e-13
    },
    {
      "id": 2,
      "seek": 0,
      "start": 13.1,
      "end": 16.2,
      "text": " Remove from heat and stir in a dash of pure vanilla extract.",
      "tokens": [
        51020,
        18831,
        490,
        3738,
        293,
        8946,
        294,
        257,
        8240,
        295,
        6075,
        17528,
        8947,
        13,
        51175
      ],
      "temperature": 0.0,
      "avg_logprob": -0.09995558148338682,
      "compression_ratio": 1.5648535564853556,
      "no_speech_prob": 8.702246822450688e-13
    },
    {
      "id": 3,
      "seek": 0,
      "start": 16.78,
      "end": 22.0,
      "text": " Allow the strawberry pie filling to cool before using it as a delicious and fruity filling for your pie crust.",
      "tokens": [
        51204,
        32225,
        264,
        20440,
        1730,
        10623,
        281,
        1627,
        949,
        1228,
        309,
        382,
        257,
        4809,
        293,
        431,
        21757,
        10623,
        337,
        428,
        1730,
        18156,
        13,
        51465
      ],
      "temperature": 0.0,
      "avg_logprob": -0.09995558148338682,
      "compression_ratio": 1.5648535564853556,
      "no_speech_prob": 8.702246822450688e-13
    }
  ],
  "language": "en"
}