{
  "text": " Before you all go, I want to remind you that the midterm is next week. Here's a little hint. You should be familiar with the differential equations on page 245. Problems that are very similar to problems 32, 33 and 44 from that page might be on the test. And also some of you might want to brush up on the last page in the integration section, page 197. I know some of you struggled on last week's quiz. I foresee problem 22 from page 197 being on your midterm. Oh, and don't forget to brush up on the section on related rates on pages 132, 133 and 134.",
  "segments": [
    {
      "id": 0,
      "seek": 0,
      "start": 0.0,
      "end": 3.62,
      "text": " Before you all go, I want to remind you that the midterm is next week.",
      "tokens": [
        50365,
        4546,
        291,
        439,
        352,
        11,
        286,
        528,
        281,
        4160,
        291,
        300,
        264,
        2062,
        7039,
        307,
        958,
        1243,
        13,
        50546
      ],
      "temperature": 0.0,
      "avg_logprob": -0.127809790314221,
      "compression_ratio": 1.658273381294964,
      "no_speech_prob": 1.4253018253487792e-12
    },
    {
      "id": 1,
      "seek": 0,
      "start": 4.2,
      "end": 4.98,
      "text": " Here's a little hint.",
      "tokens": [
        50575,
        1692,
        311,
        257,
        707,
        12075,
        13,
        50614
      ],
      "temperature": 0.0,
      "avg_logprob": -0.127809790314221,
      "compression_ratio": 1.658273381294964,
      "no_speech_prob": 1.4253018253487792e-12
    },
    {
      "id": 2,
      "seek": 0,
      "start": 5.48,
      "end": 9.0,
      "text": " You should be familiar with the differential equations on page 245.",
      "tokens": [
        50639,
        509,
        820,
        312,
        4963,
        365,
        264,
        15756,
        11787,
        322,
        3028,
        4022,
        20,
        13,
        50815
      ],
      "temperature": 0.0,
      "avg_logprob": -0.127809790314221,
      "compression_ratio": 1.658273381294964,
      "no_speech_prob": 1.4253018253487792e-12
    },
    {
      "id": 3,
      "seek": 0,
      "start": 9.64,
      "end": 14.98,
      "text": " Problems that are very similar to problems 32, 33 and 44 from that page might be on the test.",
      "tokens": [
        50847,
        11676,
        82,
        300,
        366,
        588,
        2531,
        281,
        2740,
        8858,
        11,
        11816,
        293,
        16408,
        490,
        300,
        3028,
        1062,
        312,
        322,
        264,
        1500,
        13,
        51114
      ],
      "temperature": 0.0,
      "avg_logprob": -0.127809790314221,
      "compression_ratio": 1.658273381294964,
      "no_speech_prob": 1.4253018253487792e-12
    },
    {
      "id": 4,
      "seek": 0,
      "start": 15.24,
      "end": 20.38,
      "text": " And also some of you might want to brush up on the last page in the integration section, page 197.",
      "tokens": [
        51127,
        400,
        611,
        512,
        295,
        291,
        1062,
        528,
        281,
        5287,
        493,
        322,
        264,
        1036,
        3028,
        294,
        264,
        10980,
        3541,
        11,
        3028,
        7560,
        13,
        51384
      ],
      "temperature": 0.0,
      "avg_logprob": -0.127809790314221,
      "compression_ratio": 1.658273381294964,
      "no_speech_prob": 1.4253018253487792e-12
    },
    {
      "id": 5,
      "seek": 0,
      "start": 21.3,
      "end": 23.28,
      "text": " I know some of you struggled on last week's quiz.",
      "tokens": [
        51430,
        286,
        458,
        512,
        295,
        291,
        19023,
        322,
        1036,
        1243,
        311,
        15450,
        13,
        51529
      ],
      "temperature": 0.0,
      "avg_logprob": -0.127809790314221,
      "compression_ratio": 1.658273381294964,
      "no_speech_prob": 1.4253018253487792e-12
    },
    {
      "id": 6,
      "seek": 0,
      "start": 23.82,
      "end": 27.52,
      "text": " I foresee problem 22 from page 197 being on your midterm.",
      "tokens": [
        51556,
        286,
        38736,
        1154,
        5853,
        490,
        3028,
        7560,
        885,
        322,
        428,
        2062,
        7039,
        13,
        51741
      ],
      "temperature": 0.0,
      "avg_logprob": -0.127809790314221,
      "compression_ratio": 1.658273381294964,
      "no_speech_prob": 1.4253018253487792e-12
    },
    {
      "id": 7,
      "seek": 2752,
      "start": 27.52,
      "end": 34.78,
      "text": " Oh, and don't forget to brush up on the section on related rates on pages 132, 133 and 134.",
      "tokens": [
        50398,
        876,
        11,
        293,
        500,
        380,
        2870,
        281,
        5287,
        493,
        322,
        264,
        3541,
        322,
        4077,
        6846,
        322,
        7183,
        3705,
        17,
        11,
        3705,
        18,
        293,
        3705,
        19,
        13,
        50728
      ],
      "temperature": 0.0,
      "avg_logprob": -0.09278058183604274,
      "compression_ratio": 1.0705882352941176,
      "no_speech_prob": 1.426753029956651e-12
    }
  ],
  "language": "en"
}